Title,Summary,Byline
"5-at-10: College football season on the brink, Fab 4 picks, NCAA football portal down to one opening","So, the good news from last week's Fab 4 was we went 3-0 on SEC picks.",by Jay Greeson
"Pasquali’s Pix: Vols, ’Dores to roll, Mocs to struggle","It's been a tough start to the season for heralded quarterbacks in the Southeastern Conference. And for those not in the SEC, for that matter.",by Jay Greeson
UTC’s Ky Tayo works his way into bigger role on defensive line,"Like most position groups for the 2025 UTC football team, defensive tackle was a spot where opportunities were available entering the season.",by Jay Greeson
Vols addressing defensive trouble on late downs,"The Tennessee Volunteers surrendered 502 yards and 44 points during their overtime loss to Georgia, and their defense really struggled on late downs.",by Jay Greeson
Check out the Chattanooga area’s top prep performances of the week,Here are some of the most notable performances in Chattanooga-area high school sports besides football from the past week.,by Jay Greeson
Braves stay hot at plate to sweep Nationals,The Atlanta Braves entered Wednesday having already secured their first series victory of September.,by Jay Greeson
Cubs soak in celebration of first postseason berth since 2020,"The wait was five years. For the Chicago Cubs, it seemed longer.",by Jay Greeson
Texas QB Arch Manning vows better days are ahead,Arch Manning had a simple message for Longhorns fans and anyone else listening. It was a promise.,by Jay Greeson
ACC schools have financial incentive to seek high-profile matchups,Mike Norvell got everything he wanted with his Florida State football team opening this season against tradition-rich Alabama on network television.,by Jay Greeson
NFL teams not heavy in use of emergency QB option,"Brian Schottenheimer is two games into his head coaching career with the Dallas Cowboys, and he didn't have an emergency QB designated for either contest.",by Jay Greeson
Colts have perfect kicker and well-rested punter so far this season,Rigoberto Sanchez and Spencer Shrader suit up for every Indianapolis Colts practice at side-by-side lockers.,by Jay Greeson
NHL teams hit ice Thurday for first practice of 2025-26 season,Training camps open around the NHL this week with questions from Edmonton to South Florida and the Oct. 7 opener less than three weeks away.,by Jay Greeson
Golf notebook: New York getting more major tournaments,The PGA of America announced Wednesday that three more of its major championship tournaments through 2035 will be held in the Empire State.,by Jay Greeson
F1’s rule changes for 2026 will require big adjustments from teams,"Next year, Formula 1 will experience one of its biggest changes in a generation.",by Jay Greeson
Cadillac F1 team has another American partner in Jim Beam,Formula 1's new Cadillac team has announced a multiyear partnership with Jim Beam.,by Jay Greeson
